Handle,Title,Body (HTML),Vendor,Product Category,Type,Tags,Published,Option1 Name,Option1 Value,Option1 Linked To,Option2 Name,Option2 Value,Option2 Linked To,Option3 Name,Option3 Value,Option3 Linked To,Variant SKU,Variant Grams,Variant Inventory Tracker,Variant Inventory Qty,Variant Inventory Policy,Variant Fulfillment Service,Variant Price,Variant Compare At Price,Variant Requires Shipping,Variant Taxable,Unit Price Total Measure,Unit Price Total Measure Unit,Unit Price Base Measure,Unit Price Base Measure Unit,Variant Barcode,Image Src,Image Position,Image Alt Text,Gift Card,SEO Title,SEO Description,Variant Image,Variant Weight Unit,Variant Tax Code,Cost per item,Status
butterfly-charm,Drugelio pakabučiukas,"<p>Drugelio formos magnetinis silikoninis pakabučiukas, skirtas Pawlette antkakliui. Lengvai prispaudžiamas ir nuimamas be jokių įrankių. Saugus, atsparus vandeniui ir tinkamas šunims, kurie mėgsta aktyvų gyvenimo būdą. Suderinamas su visais Pawlette antkaklio modeliais.</p>",paws,,charms,charms,true,Color,Mėlyna,,,,,,,,BUTTERFLY_CHARM_BLUE,0.0,,10,deny,manual,3.39,,false,true,,,,,,,,,false,,,,kg,,,active
butterfly-charm,,,,,,,,,Tamsiai mėlyna,,,,,,,,BUTTERFLY_CHARM_DARK_BLUE,0.0,,10,deny,manual,3.39,,false,true,,,,,,,,,,,,,kg,,,
butterfly-charm,,,,,,,,,Violetinė,,,,,,,,BUTTERFLY_CHARM_PURPLE,0.0,,10,deny,manual,3.39,,false,true,,,,,,,,,,,,,kg,,,
butterfly-charm,,,,,,,,,Rožinė,,,,,,,,BUTTERFLY_CHARM_PINK,0.0,,10,deny,manual,3.39,,false,true,,,,,,,,,,,,,kg,,,
butterfly-charm,,,,,,,,,Geltona,,,,,,,,BUTTERFLY_CHARM_YELLOW,0.0,,10,deny,manual,3.39,,false,true,,,,,,,,,,,,,kg,,,
paw-charm,Letenėlės pakabučiukas,"<p>Letenėlės formos magnetinis silikoninis pakabučiukas, skirtas Pawlette antkakliui. Lengvai prispaudžiamas ir nuimamas be jokių įrankių. Saugus, atsparus vandeniui ir tinkamas šunims, kurie mėgsta aktyvų gyvenimo būdą. Suderinamas su visais Pawlette antkaklio modeliais.</p>",paws,,charms,charms,true,Color,Mėlyna,,,,,,,,PAW_CHARM_BLUE,0.0,,10,deny,manual,3.39,,false,true,,,,,,,,,false,,,,kg,,,active
paw-charm,,,,,,,,,Tamsiai mėlyna,,,,,,,,PAW_CHARM_DARK_BLUE,0.0,,10,deny,manual,3.39,,false,true,,,,,,,,,,,,,kg,,,
paw-charm,,,,,,,,,Violetinė,,,,,,,,PAW_CHARM_PURPLE,0.0,,10,deny,manual,3.39,,false,true,,,,,,,,,,,,,kg,,,
paw-charm,,,,,,,,,Rožinė,,,,,,,,PAW_CHARM_PINK,0.0,,10,deny,manual,3.39,,false,true,,,,,,,,,,,,,kg,,,
paw-charm,,,,,,,,,Geltona,,,,,,,,PAW_CHARM_YELLOW,0.0,,10,deny,manual,3.39,,false,true,,,,,,,,,,,,,kg,,,
heart-charm,Širdutės pakabučiukas,"<p>Širdutės formos magnetinis silikoninis pakabučiukas, skirtas Pawlette antkakliui. Lengvai prispaudžiamas ir nuimamas be jokių įrankių. Saugus, atsparus vandeniui ir tinkamas šunims, kurie mėgsta aktyvų gyvenimo būdą. Suderinamas su visais Pawlette antkaklio modeliais.</p>",paws,,charms,charms,true,Color,Mėlyna,,,,,,,,HEART_CHARM_BLUE,0.0,,10,deny,manual,3.39,,false,true,,,,,,,,,false,,,,kg,,,active
heart-charm,,,,,,,,,Tamsiai mėlyna,,,,,,,,HEART_CHARM_DARK_BLUE,0.0,,10,deny,manual,3.39,,false,true,,,,,,,,,,,,,kg,,,
heart-charm,,,,,,,,,Violetinė,,,,,,,,HEART_CHARM_PURPLE,0.0,,10,deny,manual,3.39,,false,true,,,,,,,,,,,,,kg,,,
heart-charm,,,,,,,,,Rožinė,,,,,,,,HEART_CHARM_PINK,0.0,,10,deny,manual,3.39,,false,true,,,,,,,,,,,,,kg,,,
heart-charm,,,,,,,,,Geltona,,,,,,,,HEART_CHARM_YELLOW,0.0,,10,deny,manual,3.39,,false,true,,,,,,,,,,,,,kg,,,
star-charm,Žvaigždutės pakabučiukas,"<p>Žvaigždutės formos magnetinis silikoninis pakabučiukas, skirtas Pawlette antkakliui. Lengvai prispaudžiamas ir nuimamas be jokių įrankių. Saugus, atsparus vandeniui ir tinkamas šunims, kurie mėgsta aktyvų gyvenimo būdą. Suderinamas su visais Pawlette antkaklio modeliais.</p>",paws,,charms,charms,true,Color,Mėlyna,,,,,,,,STAR_CHARM_BLUE,0.0,,10,deny,manual,3.39,,false,true,,,,,,,,,false,,,,kg,,,active
star-charm,,,,,,,,,Tamsiai mėlyna,,,,,,,,STAR_CHARM_DARK_BLUE,0.0,,10,deny,manual,3.39,,false,true,,,,,,,,,,,,,kg,,,
star-charm,,,,,,,,,Violetinė,,,,,,,,STAR_CHARM_PURPLE,0.0,,10,deny,manual,3.39,,false,true,,,,,,,,,,,,,kg,,,
star-charm,,,,,,,,,Rožinė,,,,,,,,STAR_CHARM_PINK,0.0,,10,deny,manual,3.39,,false,true,,,,,,,,,,,,,kg,,,
star-charm,,,,,,,,,Geltona,,,,,,,,STAR_CHARM_YELLOW,0.0,,10,deny,manual,3.39,,false,true,,,,,,,,,,,,,kg,,,
letter-z-charm,Raidės Z pakabučiukas,"<p>Raidės <strong>Z</strong> formos magnetinis silikoninis pakabučiukas, skirtas Pawlette antkakliui. Puiki galimybė asmeniškai personalizuoti antkakį su augintinio vardo raidėmis. Lengvai prispaudžiamas ir nuimamas be jokių įrankių. Suderinamas su visais Pawlette antkaklio modeliais.</p>",paws,,charms,charms,true,Color,Mėlyna,,,,,,,,LETTER_Z_CHARM_BLUE,0.0,,10,deny,manual,3.39,,false,true,,,,,,https://cdn.shopify.com/s/files/1/1000/5066/5846/files/purple-letter-z.png?v=1781481197,1,Raidės Z pakabučiukas – Violetinė,false,,,https://cdn.shopify.com/s/files/1/1000/5066/5846/files/sky-blue-letter-z.png?v=1781533928,kg,,,active
letter-z-charm,,,,,,,,,Tamsiai mėlyna,,,,,,,,LETTER_Z_CHARM_DARK_BLUE,0.0,,10,deny,manual,3.39,,false,true,,,,,,https://cdn.shopify.com/s/files/1/1000/5066/5846/files/dark-blue-letter-z.png?v=1781481453,2,Raidės Z pakabučiukas – Tamsiai mėlyna,,,,https://cdn.shopify.com/s/files/1/1000/5066/5846/files/dark-blue-letter-z.png?v=1781481453,kg,,,
letter-z-charm,,,,,,,,,Violetinė,,,,,,,,LETTER_Z_CHARM_PURPLE,0.0,,10,deny,manual,3.39,,false,true,,,,,,https://cdn.shopify.com/s/files/1/1000/5066/5846/files/yellow-letter-z.png?v=1781481877,3,Raidės Z pakabučiukas – Geltona,,,,https://cdn.shopify.com/s/files/1/1000/5066/5846/files/purple-letter-z.png?v=1781481197,kg,,,
letter-z-charm,,,,,,,,,Rožinė,,,,,,,,LETTER_Z_CHARM_PINK,0.0,,10,deny,manual,3.39,,false,true,,,,,,https://cdn.shopify.com/s/files/1/1000/5066/5846/files/sky-blue-letter-z.png?v=1781533928,4,Raidės Z pakabučiukas – Mėlyna,,,,https://cdn.shopify.com/s/files/1/1000/5066/5846/files/pink-letter-z.png?v=1781534296,kg,,,
letter-z-charm,,,,,,,,,Geltona,,,,,,,,LETTER_Z_CHARM_YELLOW,0.0,,10,deny,manual,3.39,,false,true,,,,,,https://cdn.shopify.com/s/files/1/1000/5066/5846/files/pink-letter-z.png?v=1781534296,5,Raidės Z pakabučiukas – Rožinė,,,,https://cdn.shopify.com/s/files/1/1000/5066/5846/files/yellow-letter-z.png?v=1781481877,kg,,,
letter-y-charm,Raidės Y pakabučiukas,"<p>Raidės <strong>Y</strong> formos magnetinis silikoninis pakabučiukas, skirtas Pawlette antkakliui. Puiki galimybė asmeniškai personalizuoti antkakį su augintinio vardo raidėmis. Lengvai prispaudžiamas ir nuimamas be jokių įrankių. Suderinamas su visais Pawlette antkaklio modeliais.</p>",paws,,charms,charms,true,Color,Mėlyna,,,,,,,,LETTER_Y_CHARM_BLUE,0.0,,10,deny,manual,3.39,,false,true,,,,,,https://cdn.shopify.com/s/files/1/1000/5066/5846/files/purple-letter-y.png?v=1781481188,1,Raidės Y pakabučiukas – Violetinė,false,,,https://cdn.shopify.com/s/files/1/1000/5066/5846/files/sky-blue-letter-y.png?v=1781533919,kg,,,active
letter-y-charm,,,,,,,,,Tamsiai mėlyna,,,,,,,,LETTER_Y_CHARM_DARK_BLUE,0.0,,10,deny,manual,3.39,,false,true,,,,,,https://cdn.shopify.com/s/files/1/1000/5066/5846/files/dark-blue-letter-y.png?v=1781481447,2,Raidės Y pakabučiukas – Tamsiai mėlyna,,,,https://cdn.shopify.com/s/files/1/1000/5066/5846/files/dark-blue-letter-y.png?v=1781481447,kg,,,
letter-y-charm,,,,,,,,,Violetinė,,,,,,,,LETTER_Y_CHARM_PURPLE,0.0,,10,deny,manual,3.39,,false,true,,,,,,https://cdn.shopify.com/s/files/1/1000/5066/5846/files/yellow-letter-y.png?v=1781481868,3,Raidės Y pakabučiukas – Geltona,,,,https://cdn.shopify.com/s/files/1/1000/5066/5846/files/purple-letter-y.png?v=1781481188,kg,,,
letter-y-charm,,,,,,,,,Rožinė,,,,,,,,LETTER_Y_CHARM_PINK,0.0,,10,deny,manual,3.39,,false,true,,,,,,https://cdn.shopify.com/s/files/1/1000/5066/5846/files/sky-blue-letter-y.png?v=1781533919,4,Raidės Y pakabučiukas – Mėlyna,,,,https://cdn.shopify.com/s/files/1/1000/5066/5846/files/pink-letter-y.png?v=1781534287,kg,,,
letter-y-charm,,,,,,,,,Geltona,,,,,,,,LETTER_Y_CHARM_YELLOW,0.0,,10,deny,manual,3.39,,false,true,,,,,,https://cdn.shopify.com/s/files/1/1000/5066/5846/files/pink-letter-y.png?v=1781534287,5,Raidės Y pakabučiukas – Rožinė,,,,https://cdn.shopify.com/s/files/1/1000/5066/5846/files/yellow-letter-y.png?v=1781481868,kg,,,
letter-x-charm,Raidės X pakabučiukas,"<p>Raidės <strong>X</strong> formos magnetinis silikoninis pakabučiukas, skirtas Pawlette antkakliui. Puiki galimybė asmeniškai personalizuoti antkakį su augintinio vardo raidėmis. Lengvai prispaudžiamas ir nuimamas be jokių įrankių. Suderinamas su visais Pawlette antkaklio modeliais.</p>",paws,,charms,charms,true,Color,Mėlyna,,,,,,,,LETTER_X_CHARM_BLUE,0.0,,10,deny,manual,3.39,,false,true,,,,,,https://cdn.shopify.com/s/files/1/1000/5066/5846/files/purple-letter-x.png?v=1781481179,1,Raidės X pakabučiukas – Violetinė,false,,,https://cdn.shopify.com/s/files/1/1000/5066/5846/files/sky-blue-letter-x.png?v=1781533910,kg,,,active
letter-x-charm,,,,,,,,,Tamsiai mėlyna,,,,,,,,LETTER_X_CHARM_DARK_BLUE,0.0,,10,deny,manual,3.39,,false,true,,,,,,https://cdn.shopify.com/s/files/1/1000/5066/5846/files/dark-blue-letter-x.png?v=1781481442,2,Raidės X pakabučiukas – Tamsiai mėlyna,,,,https://cdn.shopify.com/s/files/1/1000/5066/5846/files/dark-blue-letter-x.png?v=1781481442,kg,,,
letter-x-charm,,,,,,,,,Violetinė,,,,,,,,LETTER_X_CHARM_PURPLE,0.0,,10,deny,manual,3.39,,false,true,,,,,,https://cdn.shopify.com/s/files/1/1000/5066/5846/files/yellow-letter-x.png?v=1781481860,3,Raidės X pakabučiukas – Geltona,,,,https://cdn.shopify.com/s/files/1/1000/5066/5846/files/purple-letter-x.png?v=1781481179,kg,,,
letter-x-charm,,,,,,,,,Rožinė,,,,,,,,LETTER_X_CHARM_PINK,0.0,,10,deny,manual,3.39,,false,true,,,,,,https://cdn.shopify.com/s/files/1/1000/5066/5846/files/sky-blue-letter-x.png?v=1781533910,4,Raidės X pakabučiukas – Mėlyna,,,,https://cdn.shopify.com/s/files/1/1000/5066/5846/files/pink-letter-x.png?v=1781534279,kg,,,
letter-x-charm,,,,,,,,,Geltona,,,,,,,,LETTER_X_CHARM_YELLOW,0.0,,10,deny,manual,3.39,,false,true,,,,,,https://cdn.shopify.com/s/files/1/1000/5066/5846/files/pink-letter-x.png?v=1781534279,5,Raidės X pakabučiukas – Rožinė,,,,https://cdn.shopify.com/s/files/1/1000/5066/5846/files/yellow-letter-x.png?v=1781481860,kg,,,
letter-w-charm,Raidės W pakabučiukas,"<p>Raidės <strong>W</strong> formos magnetinis silikoninis pakabučiukas, skirtas Pawlette antkakliui. Puiki galimybė asmeniškai personalizuoti antkakį su augintinio vardo raidėmis. Lengvai prispaudžiamas ir nuimamas be jokių įrankių. Suderinamas su visais Pawlette antkaklio modeliais.</p>",paws,,charms,charms,true,Color,Mėlyna,,,,,,,,LETTER_W_CHARM_BLUE,0.0,,10,deny,manual,3.39,,false,true,,,,,,https://cdn.shopify.com/s/files/1/1000/5066/5846/files/purple-letter-w.png?v=1781481170,1,Raidės W pakabučiukas – Violetinė,false,,,https://cdn.shopify.com/s/files/1/1000/5066/5846/files/sky-blue-letter-w.png?v=1781533901,kg,,,active
letter-w-charm,,,,,,,,,Tamsiai mėlyna,,,,,,,,LETTER_W_CHARM_DARK_BLUE,0.0,,10,deny,manual,3.39,,false,true,,,,,,https://cdn.shopify.com/s/files/1/1000/5066/5846/files/dark-blue-letter-w.png?v=1781481436,2,Raidės W pakabučiukas – Tamsiai mėlyna,,,,https://cdn.shopify.com/s/files/1/1000/5066/5846/files/dark-blue-letter-w.png?v=1781481436,kg,,,
letter-w-charm,,,,,,,,,Violetinė,,,,,,,,LETTER_W_CHARM_PURPLE,0.0,,10,deny,manual,3.39,,false,true,,,,,,https://cdn.shopify.com/s/files/1/1000/5066/5846/files/yellow-letter-w.png?v=1781481853,3,Raidės W pakabučiukas – Geltona,,,,https://cdn.shopify.com/s/files/1/1000/5066/5846/files/purple-letter-w.png?v=1781481170,kg,,,
letter-w-charm,,,,,,,,,Rožinė,,,,,,,,LETTER_W_CHARM_PINK,0.0,,10,deny,manual,3.39,,false,true,,,,,,https://cdn.shopify.com/s/files/1/1000/5066/5846/files/sky-blue-letter-w.png?v=1781533901,4,Raidės W pakabučiukas – Mėlyna,,,,https://cdn.shopify.com/s/files/1/1000/5066/5846/files/pink-letter-w.png?v=1781534270,kg,,,
letter-w-charm,,,,,,,,,Geltona,,,,,,,,LETTER_W_CHARM_YELLOW,0.0,,10,deny,manual,3.39,,false,true,,,,,,https://cdn.shopify.com/s/files/1/1000/5066/5846/files/pink-letter-w.png?v=1781534270,5,Raidės W pakabučiukas – Rožinė,,,,https://cdn.shopify.com/s/files/1/1000/5066/5846/files/yellow-letter-w.png?v=1781481853,kg,,,
letter-v-charm,Raidės V pakabučiukas,"<p>Raidės <strong>V</strong> formos magnetinis silikoninis pakabučiukas, skirtas Pawlette antkakliui. Puiki galimybė asmeniškai personalizuoti antkakį su augintinio vardo raidėmis. Lengvai prispaudžiamas ir nuimamas be jokių įrankių. Suderinamas su visais Pawlette antkaklio modeliais.</p>",paws,,charms,charms,true,Color,Mėlyna,,,,,,,,LETTER_V_CHARM_BLUE,0.0,,10,deny,manual,3.39,,false,true,,,,,,https://cdn.shopify.com/s/files/1/1000/5066/5846/files/purple-letter-v.png?v=1781481160,1,Raidės V pakabučiukas – Violetinė,false,,,https://cdn.shopify.com/s/files/1/1000/5066/5846/files/sky-blue-letter-v.png?v=1781533891,kg,,,active
letter-v-charm,,,,,,,,,Tamsiai mėlyna,,,,,,,,LETTER_V_CHARM_DARK_BLUE,0.0,,10,deny,manual,3.39,,false,true,,,,,,https://cdn.shopify.com/s/files/1/1000/5066/5846/files/dark-blue-letter-v.png?v=1781481430,2,Raidės V pakabučiukas – Tamsiai mėlyna,,,,https://cdn.shopify.com/s/files/1/1000/5066/5846/files/dark-blue-letter-v.png?v=1781481430,kg,,,
letter-v-charm,,,,,,,,,Violetinė,,,,,,,,LETTER_V_CHARM_PURPLE,0.0,,10,deny,manual,3.39,,false,true,,,,,,https://cdn.shopify.com/s/files/1/1000/5066/5846/files/yellow-letter-v.png?v=1781481844,3,Raidės V pakabučiukas – Geltona,,,,https://cdn.shopify.com/s/files/1/1000/5066/5846/files/purple-letter-v.png?v=1781481160,kg,,,
letter-v-charm,,,,,,,,,Rožinė,,,,,,,,LETTER_V_CHARM_PINK,0.0,,10,deny,manual,3.39,,false,true,,,,,,https://cdn.shopify.com/s/files/1/1000/5066/5846/files/sky-blue-letter-v.png?v=1781533891,4,Raidės V pakabučiukas – Mėlyna,,,,https://cdn.shopify.com/s/files/1/1000/5066/5846/files/pink-letter-v.png?v=1781534261,kg,,,
letter-v-charm,,,,,,,,,Geltona,,,,,,,,LETTER_V_CHARM_YELLOW,0.0,,10,deny,manual,3.39,,false,true,,,,,,https://cdn.shopify.com/s/files/1/1000/5066/5846/files/pink-letter-v.png?v=1781534261,5,Raidės V pakabučiukas – Rožinė,,,,https://cdn.shopify.com/s/files/1/1000/5066/5846/files/yellow-letter-v.png?v=1781481844,kg,,,
letter-u-charm,Raidės U pakabučiukas,"<p>Raidės <strong>U</strong> formos magnetinis silikoninis pakabučiukas, skirtas Pawlette antkakliui. Puiki galimybė asmeniškai personalizuoti antkakį su augintinio vardo raidėmis. Lengvai prispaudžiamas ir nuimamas be jokių įrankių. Suderinamas su visais Pawlette antkaklio modeliais.</p>",paws,,charms,charms,true,Color,Mėlyna,,,,,,,,LETTER_U_CHARM_BLUE,0.0,,10,deny,manual,3.39,,false,true,,,,,,https://cdn.shopify.com/s/files/1/1000/5066/5846/files/purple-letter-u.png?v=1781481151,1,Raidės U pakabučiukas – Violetinė,false,,,https://cdn.shopify.com/s/files/1/1000/5066/5846/files/sky-blue-letter-u.png?v=1781533883,kg,,,active
letter-u-charm,,,,,,,,,Tamsiai mėlyna,,,,,,,,LETTER_U_CHARM_DARK_BLUE,0.0,,10,deny,manual,3.39,,false,true,,,,,,https://cdn.shopify.com/s/files/1/1000/5066/5846/files/dark-blue-letter-u.png?v=1781481424,2,Raidės U pakabučiukas – Tamsiai mėlyna,,,,https://cdn.shopify.com/s/files/1/1000/5066/5846/files/dark-blue-letter-u.png?v=1781481424,kg,,,
letter-u-charm,,,,,,,,,Violetinė,,,,,,,,LETTER_U_CHARM_PURPLE,0.0,,10,deny,manual,3.39,,false,true,,,,,,https://cdn.shopify.com/s/files/1/1000/5066/5846/files/yellow-letter-u.png?v=1781481836,3,Raidės U pakabučiukas – Geltona,,,,https://cdn.shopify.com/s/files/1/1000/5066/5846/files/purple-letter-u.png?v=1781481151,kg,,,
letter-u-charm,,,,,,,,,Rožinė,,,,,,,,LETTER_U_CHARM_PINK,0.0,,10,deny,manual,3.39,,false,true,,,,,,https://cdn.shopify.com/s/files/1/1000/5066/5846/files/sky-blue-letter-u.png?v=1781533883,4,Raidės U pakabučiukas – Mėlyna,,,,https://cdn.shopify.com/s/files/1/1000/5066/5846/files/pink-letter-u.png?v=1781534252,kg,,,
letter-u-charm,,,,,,,,,Geltona,,,,,,,,LETTER_U_CHARM_YELLOW,0.0,,10,deny,manual,3.39,,false,true,,,,,,https://cdn.shopify.com/s/files/1/1000/5066/5846/files/pink-letter-u.png?v=1781534252,5,Raidės U pakabučiukas – Rožinė,,,,https://cdn.shopify.com/s/files/1/1000/5066/5846/files/yellow-letter-u.png?v=1781481836,kg,,,
letter-t-charm,Raidės T pakabučiukas,"<p>Raidės <strong>T</strong> formos magnetinis silikoninis pakabučiukas, skirtas Pawlette antkakliui. Puiki galimybė asmeniškai personalizuoti antkakį su augintinio vardo raidėmis. Lengvai prispaudžiamas ir nuimamas be jokių įrankių. Suderinamas su visais Pawlette antkaklio modeliais.</p>",paws,,charms,charms,true,Color,Mėlyna,,,,,,,,LETTER_T_CHARM_BLUE,0.0,,10,deny,manual,3.39,,false,true,,,,,,https://cdn.shopify.com/s/files/1/1000/5066/5846/files/purple-letter-t.png?v=1781481142,1,Raidės T pakabučiukas – Violetinė,false,,,https://cdn.shopify.com/s/files/1/1000/5066/5846/files/sky-blue-letter-t.png?v=1781533873,kg,,,active
letter-t-charm,,,,,,,,,Tamsiai mėlyna,,,,,,,,LETTER_T_CHARM_DARK_BLUE,0.0,,10,deny,manual,3.39,,false,true,,,,,,https://cdn.shopify.com/s/files/1/1000/5066/5846/files/dark-blue-letter-t.png?v=1781481417,2,Raidės T pakabučiukas – Tamsiai mėlyna,,,,https://cdn.shopify.com/s/files/1/1000/5066/5846/files/dark-blue-letter-t.png?v=1781481417,kg,,,
letter-t-charm,,,,,,,,,Violetinė,,,,,,,,LETTER_T_CHARM_PURPLE,0.0,,10,deny,manual,3.39,,false,true,,,,,,https://cdn.shopify.com/s/files/1/1000/5066/5846/files/yellow-letter-t.png?v=1781481828,3,Raidės T pakabučiukas – Geltona,,,,https://cdn.shopify.com/s/files/1/1000/5066/5846/files/purple-letter-t.png?v=1781481142,kg,,,
letter-t-charm,,,,,,,,,Rožinė,,,,,,,,LETTER_T_CHARM_PINK,0.0,,10,deny,manual,3.39,,false,true,,,,,,https://cdn.shopify.com/s/files/1/1000/5066/5846/files/sky-blue-letter-t.png?v=1781533873,4,Raidės T pakabučiukas – Mėlyna,,,,https://cdn.shopify.com/s/files/1/1000/5066/5846/files/pink-letter-t.png?v=1781534243,kg,,,
letter-t-charm,,,,,,,,,Geltona,,,,,,,,LETTER_T_CHARM_YELLOW,0.0,,10,deny,manual,3.39,,false,true,,,,,,https://cdn.shopify.com/s/files/1/1000/5066/5846/files/pink-letter-t.png?v=1781534243,5,Raidės T pakabučiukas – Rožinė,,,,https://cdn.shopify.com/s/files/1/1000/5066/5846/files/yellow-letter-t.png?v=1781481828,kg,,,
letter-s-charm,Raidės S pakabučiukas,"<p>Raidės <strong>S</strong> formos magnetinis silikoninis pakabučiukas, skirtas Pawlette antkakliui. Puiki galimybė asmeniškai personalizuoti antkakį su augintinio vardo raidėmis. Lengvai prispaudžiamas ir nuimamas be jokių įrankių. Suderinamas su visais Pawlette antkaklio modeliais.</p>",paws,,charms,charms,true,Color,Mėlyna,,,,,,,,LETTER_S_CHARM_BLUE,0.0,,10,deny,manual,3.39,,false,true,,,,,,https://cdn.shopify.com/s/files/1/1000/5066/5846/files/purple-letter-s.png?v=1781481133,1,Raidės S pakabučiukas – Violetinė,false,,,https://cdn.shopify.com/s/files/1/1000/5066/5846/files/sky-blue-letter-s.png?v=1781533864,kg,,,active
letter-s-charm,,,,,,,,,Tamsiai mėlyna,,,,,,,,LETTER_S_CHARM_DARK_BLUE,0.0,,10,deny,manual,3.39,,false,true,,,,,,https://cdn.shopify.com/s/files/1/1000/5066/5846/files/dark-blue-letter-s.png?v=1781481411,2,Raidės S pakabučiukas – Tamsiai mėlyna,,,,https://cdn.shopify.com/s/files/1/1000/5066/5846/files/dark-blue-letter-s.png?v=1781481411,kg,,,
letter-s-charm,,,,,,,,,Violetinė,,,,,,,,LETTER_S_CHARM_PURPLE,0.0,,10,deny,manual,3.39,,false,true,,,,,,https://cdn.shopify.com/s/files/1/1000/5066/5846/files/yellow-letter-s.png?v=1781481820,3,Raidės S pakabučiukas – Geltona,,,,https://cdn.shopify.com/s/files/1/1000/5066/5846/files/purple-letter-s.png?v=1781481133,kg,,,
letter-s-charm,,,,,,,,,Rožinė,,,,,,,,LETTER_S_CHARM_PINK,0.0,,10,deny,manual,3.39,,false,true,,,,,,https://cdn.shopify.com/s/files/1/1000/5066/5846/files/sky-blue-letter-s.png?v=1781533864,4,Raidės S pakabučiukas – Mėlyna,,,,https://cdn.shopify.com/s/files/1/1000/5066/5846/files/pink-letter-s.png?v=1781534235,kg,,,
letter-s-charm,,,,,,,,,Geltona,,,,,,,,LETTER_S_CHARM_YELLOW,0.0,,10,deny,manual,3.39,,false,true,,,,,,https://cdn.shopify.com/s/files/1/1000/5066/5846/files/pink-letter-s.png?v=1781534235,5,Raidės S pakabučiukas – Rožinė,,,,https://cdn.shopify.com/s/files/1/1000/5066/5846/files/yellow-letter-s.png?v=1781481820,kg,,,
letter-r-charm,Raidės R pakabučiukas,"<p>Raidės <strong>R</strong> formos magnetinis silikoninis pakabučiukas, skirtas Pawlette antkakliui. Puiki galimybė asmeniškai personalizuoti antkakį su augintinio vardo raidėmis. Lengvai prispaudžiamas ir nuimamas be jokių įrankių. Suderinamas su visais Pawlette antkaklio modeliais.</p>",paws,,charms,charms,true,Color,Mėlyna,,,,,,,,LETTER_R_CHARM_BLUE,0.0,,10,deny,manual,3.39,,false,true,,,,,,https://cdn.shopify.com/s/files/1/1000/5066/5846/files/purple-letter-r.png?v=1781481123,1,Raidės R pakabučiukas – Violetinė,false,,,https://cdn.shopify.com/s/files/1/1000/5066/5846/files/sky-blue-letter-r.png?v=1781533855,kg,,,active
letter-r-charm,,,,,,,,,Tamsiai mėlyna,,,,,,,,LETTER_R_CHARM_DARK_BLUE,0.0,,10,deny,manual,3.39,,false,true,,,,,,https://cdn.shopify.com/s/files/1/1000/5066/5846/files/dark-blue-letter-r.png?v=1781481405,2,Raidės R pakabučiukas – Tamsiai mėlyna,,,,https://cdn.shopify.com/s/files/1/1000/5066/5846/files/dark-blue-letter-r.png?v=1781481405,kg,,,
letter-r-charm,,,,,,,,,Violetinė,,,,,,,,LETTER_R_CHARM_PURPLE,0.0,,10,deny,manual,3.39,,false,true,,,,,,https://cdn.shopify.com/s/files/1/1000/5066/5846/files/yellow-letter-r.png?v=1781481811,3,Raidės R pakabučiukas – Geltona,,,,https://cdn.shopify.com/s/files/1/1000/5066/5846/files/purple-letter-r.png?v=1781481123,kg,,,
letter-r-charm,,,,,,,,,Rožinė,,,,,,,,LETTER_R_CHARM_PINK,0.0,,10,deny,manual,3.39,,false,true,,,,,,https://cdn.shopify.com/s/files/1/1000/5066/5846/files/sky-blue-letter-r.png?v=1781533855,4,Raidės R pakabučiukas – Mėlyna,,,,https://cdn.shopify.com/s/files/1/1000/5066/5846/files/pink-letter-r.png?v=1781534227,kg,,,
letter-r-charm,,,,,,,,,Geltona,,,,,,,,LETTER_R_CHARM_YELLOW,0.0,,10,deny,manual,3.39,,false,true,,,,,,https://cdn.shopify.com/s/files/1/1000/5066/5846/files/pink-letter-r.png?v=1781534227,5,Raidės R pakabučiukas – Rožinė,,,,https://cdn.shopify.com/s/files/1/1000/5066/5846/files/yellow-letter-r.png?v=1781481811,kg,,,
letter-q-charm,Raidės Q pakabučiukas,"<p>Raidės <strong>Q</strong> formos magnetinis silikoninis pakabučiukas, skirtas Pawlette antkakliui. Puiki galimybė asmeniškai personalizuoti antkakį su augintinio vardo raidėmis. Lengvai prispaudžiamas ir nuimamas be jokių įrankių. Suderinamas su visais Pawlette antkaklio modeliais.</p>",paws,,charms,charms,true,Color,Mėlyna,,,,,,,,LETTER_Q_CHARM_BLUE,0.0,,10,deny,manual,3.39,,false,true,,,,,,https://cdn.shopify.com/s/files/1/1000/5066/5846/files/purple-letter-q.png?v=1781481114,1,Raidės Q pakabučiukas – Violetinė,false,,,https://cdn.shopify.com/s/files/1/1000/5066/5846/files/sky-blue-letter-q.png?v=1781533846,kg,,,active
letter-q-charm,,,,,,,,,Tamsiai mėlyna,,,,,,,,LETTER_Q_CHARM_DARK_BLUE,0.0,,10,deny,manual,3.39,,false,true,,,,,,https://cdn.shopify.com/s/files/1/1000/5066/5846/files/dark-blue-letter-q.png?v=1781481399,2,Raidės Q pakabučiukas – Tamsiai mėlyna,,,,https://cdn.shopify.com/s/files/1/1000/5066/5846/files/dark-blue-letter-q.png?v=1781481399,kg,,,
letter-q-charm,,,,,,,,,Violetinė,,,,,,,,LETTER_Q_CHARM_PURPLE,0.0,,10,deny,manual,3.39,,false,true,,,,,,https://cdn.shopify.com/s/files/1/1000/5066/5846/files/yellow-letter-q.png?v=1781481803,3,Raidės Q pakabučiukas – Geltona,,,,https://cdn.shopify.com/s/files/1/1000/5066/5846/files/purple-letter-q.png?v=1781481114,kg,,,
letter-q-charm,,,,,,,,,Rožinė,,,,,,,,LETTER_Q_CHARM_PINK,0.0,,10,deny,manual,3.39,,false,true,,,,,,https://cdn.shopify.com/s/files/1/1000/5066/5846/files/sky-blue-letter-q.png?v=1781533846,4,Raidės Q pakabučiukas – Mėlyna,,,,https://cdn.shopify.com/s/files/1/1000/5066/5846/files/pink-letter-q.png?v=1781534218,kg,,,
letter-q-charm,,,,,,,,,Geltona,,,,,,,,LETTER_Q_CHARM_YELLOW,0.0,,10,deny,manual,3.39,,false,true,,,,,,https://cdn.shopify.com/s/files/1/1000/5066/5846/files/pink-letter-q.png?v=1781534218,5,Raidės Q pakabučiukas – Rožinė,,,,https://cdn.shopify.com/s/files/1/1000/5066/5846/files/yellow-letter-q.png?v=1781481803,kg,,,
letter-p-charm,Raidės P pakabučiukas,"<p>Raidės <strong>P</strong> formos magnetinis silikoninis pakabučiukas, skirtas Pawlette antkakliui. Puiki galimybė asmeniškai personalizuoti antkakį su augintinio vardo raidėmis. Lengvai prispaudžiamas ir nuimamas be jokių įrankių. Suderinamas su visais Pawlette antkaklio modeliais.</p>",paws,,charms,charms,true,Color,Mėlyna,,,,,,,,LETTER_P_CHARM_BLUE,0.0,,10,deny,manual,3.39,,false,true,,,,,,https://cdn.shopify.com/s/files/1/1000/5066/5846/files/purple-letter-p.png?v=1781481106,1,Raidės P pakabučiukas – Violetinė,false,,,https://cdn.shopify.com/s/files/1/1000/5066/5846/files/sky-blue-letter-p.png?v=1781533837,kg,,,active
letter-p-charm,,,,,,,,,Tamsiai mėlyna,,,,,,,,LETTER_P_CHARM_DARK_BLUE,0.0,,10,deny,manual,3.39,,false,true,,,,,,https://cdn.shopify.com/s/files/1/1000/5066/5846/files/dark-blue-letter-p.png?v=1781481393,2,Raidės P pakabučiukas – Tamsiai mėlyna,,,,https://cdn.shopify.com/s/files/1/1000/5066/5846/files/dark-blue-letter-p.png?v=1781481393,kg,,,
letter-p-charm,,,,,,,,,Violetinė,,,,,,,,LETTER_P_CHARM_PURPLE,0.0,,10,deny,manual,3.39,,false,true,,,,,,https://cdn.shopify.com/s/files/1/1000/5066/5846/files/yellow-letter-p.png?v=1781481794,3,Raidės P pakabučiukas – Geltona,,,,https://cdn.shopify.com/s/files/1/1000/5066/5846/files/purple-letter-p.png?v=1781481106,kg,,,
letter-p-charm,,,,,,,,,Rožinė,,,,,,,,LETTER_P_CHARM_PINK,0.0,,10,deny,manual,3.39,,false,true,,,,,,https://cdn.shopify.com/s/files/1/1000/5066/5846/files/sky-blue-letter-p.png?v=1781533837,4,Raidės P pakabučiukas – Mėlyna,,,,https://cdn.shopify.com/s/files/1/1000/5066/5846/files/pink-letter-p.png?v=1781534208,kg,,,
letter-p-charm,,,,,,,,,Geltona,,,,,,,,LETTER_P_CHARM_YELLOW,0.0,,10,deny,manual,3.39,,false,true,,,,,,https://cdn.shopify.com/s/files/1/1000/5066/5846/files/pink-letter-p.png?v=1781534208,5,Raidės P pakabučiukas – Rožinė,,,,https://cdn.shopify.com/s/files/1/1000/5066/5846/files/yellow-letter-p.png?v=1781481794,kg,,,
letter-o-charm,Raidės O pakabučiukas,"<p>Raidės <strong>O</strong> formos magnetinis silikoninis pakabučiukas, skirtas Pawlette antkakliui. Puiki galimybė asmeniškai personalizuoti antkakį su augintinio vardo raidėmis. Lengvai prispaudžiamas ir nuimamas be jokių įrankių. Suderinamas su visais Pawlette antkaklio modeliais.</p>",paws,,charms,charms,true,Color,Mėlyna,,,,,,,,LETTER_O_CHARM_BLUE,0.0,,10,deny,manual,3.39,,false,true,,,,,,https://cdn.shopify.com/s/files/1/1000/5066/5846/files/purple-letter-o.png?v=1781481095,1,Raidės O pakabučiukas – Violetinė,false,,,https://cdn.shopify.com/s/files/1/1000/5066/5846/files/sky-blue-letter-o.png?v=1781533828,kg,,,active
letter-o-charm,,,,,,,,,Tamsiai mėlyna,,,,,,,,LETTER_O_CHARM_DARK_BLUE,0.0,,10,deny,manual,3.39,,false,true,,,,,,https://cdn.shopify.com/s/files/1/1000/5066/5846/files/dark-blue-letter-o.png?v=1781481387,2,Raidės O pakabučiukas – Tamsiai mėlyna,,,,https://cdn.shopify.com/s/files/1/1000/5066/5846/files/dark-blue-letter-o.png?v=1781481387,kg,,,
letter-o-charm,,,,,,,,,Violetinė,,,,,,,,LETTER_O_CHARM_PURPLE,0.0,,10,deny,manual,3.39,,false,true,,,,,,https://cdn.shopify.com/s/files/1/1000/5066/5846/files/yellow-letter-o.png?v=1781481787,3,Raidės O pakabučiukas – Geltona,,,,https://cdn.shopify.com/s/files/1/1000/5066/5846/files/purple-letter-o.png?v=1781481095,kg,,,
letter-o-charm,,,,,,,,,Rožinė,,,,,,,,LETTER_O_CHARM_PINK,0.0,,10,deny,manual,3.39,,false,true,,,,,,https://cdn.shopify.com/s/files/1/1000/5066/5846/files/sky-blue-letter-o.png?v=1781533828,4,Raidės O pakabučiukas – Mėlyna,,,,https://cdn.shopify.com/s/files/1/1000/5066/5846/files/pink-letter-o.png?v=1781534200,kg,,,
letter-o-charm,,,,,,,,,Geltona,,,,,,,,LETTER_O_CHARM_YELLOW,0.0,,10,deny,manual,3.39,,false,true,,,,,,https://cdn.shopify.com/s/files/1/1000/5066/5846/files/pink-letter-o.png?v=1781534200,5,Raidės O pakabučiukas – Rožinė,,,,https://cdn.shopify.com/s/files/1/1000/5066/5846/files/yellow-letter-o.png?v=1781481787,kg,,,
letter-n-charm,Raidės N pakabučiukas,"<p>Raidės <strong>N</strong> formos magnetinis silikoninis pakabučiukas, skirtas Pawlette antkakliui. Puiki galimybė asmeniškai personalizuoti antkakį su augintinio vardo raidėmis. Lengvai prispaudžiamas ir nuimamas be jokių įrankių. Suderinamas su visais Pawlette antkaklio modeliais.</p>",paws,,charms,charms,true,Color,Mėlyna,,,,,,,,LETTER_N_CHARM_BLUE,0.0,,10,deny,manual,3.39,,false,true,,,,,,https://cdn.shopify.com/s/files/1/1000/5066/5846/files/purple-letter-n.png?v=1781481086,1,Raidės N pakabučiukas – Violetinė,false,,,https://cdn.shopify.com/s/files/1/1000/5066/5846/files/sky-blue-letter-n.png?v=1781533819,kg,,,active
letter-n-charm,,,,,,,,,Tamsiai mėlyna,,,,,,,,LETTER_N_CHARM_DARK_BLUE,0.0,,10,deny,manual,3.39,,false,true,,,,,,https://cdn.shopify.com/s/files/1/1000/5066/5846/files/dark-blue-letter-n.png?v=1781481381,2,Raidės N pakabučiukas – Tamsiai mėlyna,,,,https://cdn.shopify.com/s/files/1/1000/5066/5846/files/dark-blue-letter-n.png?v=1781481381,kg,,,
letter-n-charm,,,,,,,,,Violetinė,,,,,,,,LETTER_N_CHARM_PURPLE,0.0,,10,deny,manual,3.39,,false,true,,,,,,https://cdn.shopify.com/s/files/1/1000/5066/5846/files/yellow-letter-n.png?v=1781481778,3,Raidės N pakabučiukas – Geltona,,,,https://cdn.shopify.com/s/files/1/1000/5066/5846/files/purple-letter-n.png?v=1781481086,kg,,,
letter-n-charm,,,,,,,,,Rožinė,,,,,,,,LETTER_N_CHARM_PINK,0.0,,10,deny,manual,3.39,,false,true,,,,,,https://cdn.shopify.com/s/files/1/1000/5066/5846/files/sky-blue-letter-n.png?v=1781533819,4,Raidės N pakabučiukas – Mėlyna,,,,https://cdn.shopify.com/s/files/1/1000/5066/5846/files/pink-letter-n.png?v=1781534190,kg,,,
letter-n-charm,,,,,,,,,Geltona,,,,,,,,LETTER_N_CHARM_YELLOW,0.0,,10,deny,manual,3.39,,false,true,,,,,,https://cdn.shopify.com/s/files/1/1000/5066/5846/files/pink-letter-n.png?v=1781534190,5,Raidės N pakabučiukas – Rožinė,,,,https://cdn.shopify.com/s/files/1/1000/5066/5846/files/yellow-letter-n.png?v=1781481778,kg,,,
letter-m-charm,Raidės M pakabučiukas,"<p>Raidės <strong>M</strong> formos magnetinis silikoninis pakabučiukas, skirtas Pawlette antkakliui. Puiki galimybė asmeniškai personalizuoti antkakį su augintinio vardo raidėmis. Lengvai prispaudžiamas ir nuimamas be jokių įrankių. Suderinamas su visais Pawlette antkaklio modeliais.</p>",paws,,charms,charms,true,Color,Mėlyna,,,,,,,,LETTER_M_CHARM_BLUE,0.0,,10,deny,manual,3.39,,false,true,,,,,,https://cdn.shopify.com/s/files/1/1000/5066/5846/files/purple-letter-m.png?v=1781481076,1,Raidės M pakabučiukas – Violetinė,false,,,https://cdn.shopify.com/s/files/1/1000/5066/5846/files/sky-blue-letter-m.png?v=1781533809,kg,,,active
letter-m-charm,,,,,,,,,Tamsiai mėlyna,,,,,,,,LETTER_M_CHARM_DARK_BLUE,0.0,,10,deny,manual,3.39,,false,true,,,,,,https://cdn.shopify.com/s/files/1/1000/5066/5846/files/dark-blue-letter-m.png?v=1781481375,2,Raidės M pakabučiukas – Tamsiai mėlyna,,,,https://cdn.shopify.com/s/files/1/1000/5066/5846/files/dark-blue-letter-m.png?v=1781481375,kg,,,
letter-m-charm,,,,,,,,,Violetinė,,,,,,,,LETTER_M_CHARM_PURPLE,0.0,,10,deny,manual,3.39,,false,true,,,,,,https://cdn.shopify.com/s/files/1/1000/5066/5846/files/yellow-letter-m.png?v=1781481770,3,Raidės M pakabučiukas – Geltona,,,,https://cdn.shopify.com/s/files/1/1000/5066/5846/files/purple-letter-m.png?v=1781481076,kg,,,
letter-m-charm,,,,,,,,,Rožinė,,,,,,,,LETTER_M_CHARM_PINK,0.0,,10,deny,manual,3.39,,false,true,,,,,,https://cdn.shopify.com/s/files/1/1000/5066/5846/files/sky-blue-letter-m.png?v=1781533809,4,Raidės M pakabučiukas – Mėlyna,,,,https://cdn.shopify.com/s/files/1/1000/5066/5846/files/pink-letter-m.png?v=1781534182,kg,,,
letter-m-charm,,,,,,,,,Geltona,,,,,,,,LETTER_M_CHARM_YELLOW,0.0,,10,deny,manual,3.39,,false,true,,,,,,https://cdn.shopify.com/s/files/1/1000/5066/5846/files/pink-letter-m.png?v=1781534182,5,Raidės M pakabučiukas – Rožinė,,,,https://cdn.shopify.com/s/files/1/1000/5066/5846/files/yellow-letter-m.png?v=1781481770,kg,,,
letter-l-charm,Raidės L pakabučiukas,"<p>Raidės <strong>L</strong> formos magnetinis silikoninis pakabučiukas, skirtas Pawlette antkakliui. Puiki galimybė asmeniškai personalizuoti antkakį su augintinio vardo raidėmis. Lengvai prispaudžiamas ir nuimamas be jokių įrankių. Suderinamas su visais Pawlette antkaklio modeliais.</p>",paws,,charms,charms,true,Color,Mėlyna,,,,,,,,LETTER_L_CHARM_BLUE,0.0,,10,deny,manual,3.39,,false,true,,,,,,https://cdn.shopify.com/s/files/1/1000/5066/5846/files/purple-letter-l.png?v=1781481066,1,Raidės L pakabučiukas – Violetinė,false,,,https://cdn.shopify.com/s/files/1/1000/5066/5846/files/sky-blue-letter-l.png?v=1781533800,kg,,,active
letter-l-charm,,,,,,,,,Tamsiai mėlyna,,,,,,,,LETTER_L_CHARM_DARK_BLUE,0.0,,10,deny,manual,3.39,,false,true,,,,,,https://cdn.shopify.com/s/files/1/1000/5066/5846/files/dark-blue-letter-l.png?v=1781481369,2,Raidės L pakabučiukas – Tamsiai mėlyna,,,,https://cdn.shopify.com/s/files/1/1000/5066/5846/files/dark-blue-letter-l.png?v=1781481369,kg,,,
letter-l-charm,,,,,,,,,Violetinė,,,,,,,,LETTER_L_CHARM_PURPLE,0.0,,10,deny,manual,3.39,,false,true,,,,,,https://cdn.shopify.com/s/files/1/1000/5066/5846/files/yellow-letter-l.png?v=1781481762,3,Raidės L pakabučiukas – Geltona,,,,https://cdn.shopify.com/s/files/1/1000/5066/5846/files/purple-letter-l.png?v=1781481066,kg,,,
letter-l-charm,,,,,,,,,Rožinė,,,,,,,,LETTER_L_CHARM_PINK,0.0,,10,deny,manual,3.39,,false,true,,,,,,https://cdn.shopify.com/s/files/1/1000/5066/5846/files/sky-blue-letter-l.png?v=1781533800,4,Raidės L pakabučiukas – Mėlyna,,,,https://cdn.shopify.com/s/files/1/1000/5066/5846/files/pink-letter-l.png?v=1781534173,kg,,,
letter-l-charm,,,,,,,,,Geltona,,,,,,,,LETTER_L_CHARM_YELLOW,0.0,,10,deny,manual,3.39,,false,true,,,,,,https://cdn.shopify.com/s/files/1/1000/5066/5846/files/pink-letter-l.png?v=1781534173,5,Raidės L pakabučiukas – Rožinė,,,,https://cdn.shopify.com/s/files/1/1000/5066/5846/files/yellow-letter-l.png?v=1781481762,kg,,,
letter-k-charm,Raidės K pakabučiukas,"<p>Raidės <strong>K</strong> formos magnetinis silikoninis pakabučiukas, skirtas Pawlette antkakliui. Puiki galimybė asmeniškai personalizuoti antkakį su augintinio vardo raidėmis. Lengvai prispaudžiamas ir nuimamas be jokių įrankių. Suderinamas su visais Pawlette antkaklio modeliais.</p>",paws,,charms,charms,true,Color,Mėlyna,,,,,,,,LETTER_K_CHARM_BLUE,0.0,,10,deny,manual,3.39,,false,true,,,,,,https://cdn.shopify.com/s/files/1/1000/5066/5846/files/purple-letter-k.png?v=1781481057,1,Raidės K pakabučiukas – Violetinė,false,,,https://cdn.shopify.com/s/files/1/1000/5066/5846/files/sky-blue-letter-k.png?v=1781533791,kg,,,active
letter-k-charm,,,,,,,,,Tamsiai mėlyna,,,,,,,,LETTER_K_CHARM_DARK_BLUE,0.0,,10,deny,manual,3.39,,false,true,,,,,,https://cdn.shopify.com/s/files/1/1000/5066/5846/files/dark-blue-letter-k.png?v=1781481363,2,Raidės K pakabučiukas – Tamsiai mėlyna,,,,https://cdn.shopify.com/s/files/1/1000/5066/5846/files/dark-blue-letter-k.png?v=1781481363,kg,,,
letter-k-charm,,,,,,,,,Violetinė,,,,,,,,LETTER_K_CHARM_PURPLE,0.0,,10,deny,manual,3.39,,false,true,,,,,,https://cdn.shopify.com/s/files/1/1000/5066/5846/files/yellow-letter-k.png?v=1781481754,3,Raidės K pakabučiukas – Geltona,,,,https://cdn.shopify.com/s/files/1/1000/5066/5846/files/purple-letter-k.png?v=1781481057,kg,,,
letter-k-charm,,,,,,,,,Rožinė,,,,,,,,LETTER_K_CHARM_PINK,0.0,,10,deny,manual,3.39,,false,true,,,,,,https://cdn.shopify.com/s/files/1/1000/5066/5846/files/sky-blue-letter-k.png?v=1781533791,4,Raidės K pakabučiukas – Mėlyna,,,,https://cdn.shopify.com/s/files/1/1000/5066/5846/files/pink-letter-k.png?v=1781534164,kg,,,
letter-k-charm,,,,,,,,,Geltona,,,,,,,,LETTER_K_CHARM_YELLOW,0.0,,10,deny,manual,3.39,,false,true,,,,,,https://cdn.shopify.com/s/files/1/1000/5066/5846/files/pink-letter-k.png?v=1781534164,5,Raidės K pakabučiukas – Rožinė,,,,https://cdn.shopify.com/s/files/1/1000/5066/5846/files/yellow-letter-k.png?v=1781481754,kg,,,
letter-j-charm,Raidės J pakabučiukas,"<p>Raidės <strong>J</strong> formos magnetinis silikoninis pakabučiukas, skirtas Pawlette antkakliui. Puiki galimybė asmeniškai personalizuoti antkakį su augintinio vardo raidėmis. Lengvai prispaudžiamas ir nuimamas be jokių įrankių. Suderinamas su visais Pawlette antkaklio modeliais.</p>",paws,,charms,charms,true,Color,Mėlyna,,,,,,,,LETTER_J_CHARM_BLUE,0.0,,10,deny,manual,3.39,,false,true,,,,,,https://cdn.shopify.com/s/files/1/1000/5066/5846/files/purple-letter-j.png?v=1781481048,1,Raidės J pakabučiukas – Violetinė,false,,,https://cdn.shopify.com/s/files/1/1000/5066/5846/files/sky-blue-letter-j.png?v=1781533782,kg,,,active
letter-j-charm,,,,,,,,,Tamsiai mėlyna,,,,,,,,LETTER_J_CHARM_DARK_BLUE,0.0,,10,deny,manual,3.39,,false,true,,,,,,https://cdn.shopify.com/s/files/1/1000/5066/5846/files/dark-blue-letter-j.png?v=1781481357,2,Raidės J pakabučiukas – Tamsiai mėlyna,,,,https://cdn.shopify.com/s/files/1/1000/5066/5846/files/dark-blue-letter-j.png?v=1781481357,kg,,,
letter-j-charm,,,,,,,,,Violetinė,,,,,,,,LETTER_J_CHARM_PURPLE,0.0,,10,deny,manual,3.39,,false,true,,,,,,https://cdn.shopify.com/s/files/1/1000/5066/5846/files/yellow-letter-j.png?v=1781481745,3,Raidės J pakabučiukas – Geltona,,,,https://cdn.shopify.com/s/files/1/1000/5066/5846/files/purple-letter-j.png?v=1781481048,kg,,,
letter-j-charm,,,,,,,,,Rožinė,,,,,,,,LETTER_J_CHARM_PINK,0.0,,10,deny,manual,3.39,,false,true,,,,,,https://cdn.shopify.com/s/files/1/1000/5066/5846/files/sky-blue-letter-j.png?v=1781533782,4,Raidės J pakabučiukas – Mėlyna,,,,https://cdn.shopify.com/s/files/1/1000/5066/5846/files/pink-letter-j.png?v=1781534154,kg,,,
letter-j-charm,,,,,,,,,Geltona,,,,,,,,LETTER_J_CHARM_YELLOW,0.0,,10,deny,manual,3.39,,false,true,,,,,,https://cdn.shopify.com/s/files/1/1000/5066/5846/files/pink-letter-j.png?v=1781534154,5,Raidės J pakabučiukas – Rožinė,,,,https://cdn.shopify.com/s/files/1/1000/5066/5846/files/yellow-letter-j.png?v=1781481745,kg,,,
letter-i-charm,Raidės I pakabučiukas,"<p>Raidės <strong>I</strong> formos magnetinis silikoninis pakabučiukas, skirtas Pawlette antkakliui. Puiki galimybė asmeniškai personalizuoti antkakį su augintinio vardo raidėmis. Lengvai prispaudžiamas ir nuimamas be jokių įrankių. Suderinamas su visais Pawlette antkaklio modeliais.</p>",paws,,charms,charms,true,Color,Mėlyna,,,,,,,,LETTER_I_CHARM_BLUE,0.0,,10,deny,manual,3.39,,false,true,,,,,,https://cdn.shopify.com/s/files/1/1000/5066/5846/files/purple-letter-i.png?v=1781481038,1,Raidės I pakabučiukas – Violetinė,false,,,https://cdn.shopify.com/s/files/1/1000/5066/5846/files/sky-blue-letter-i.png?v=1781533773,kg,,,active
letter-i-charm,,,,,,,,,Tamsiai mėlyna,,,,,,,,LETTER_I_CHARM_DARK_BLUE,0.0,,10,deny,manual,3.39,,false,true,,,,,,https://cdn.shopify.com/s/files/1/1000/5066/5846/files/dark-blue-letter-i.png?v=1781481351,2,Raidės I pakabučiukas – Tamsiai mėlyna,,,,https://cdn.shopify.com/s/files/1/1000/5066/5846/files/dark-blue-letter-i.png?v=1781481351,kg,,,
letter-i-charm,,,,,,,,,Violetinė,,,,,,,,LETTER_I_CHARM_PURPLE,0.0,,10,deny,manual,3.39,,false,true,,,,,,https://cdn.shopify.com/s/files/1/1000/5066/5846/files/yellow-letter-i.png?v=1781481736,3,Raidės I pakabučiukas – Geltona,,,,https://cdn.shopify.com/s/files/1/1000/5066/5846/files/purple-letter-i.png?v=1781481038,kg,,,
letter-i-charm,,,,,,,,,Rožinė,,,,,,,,LETTER_I_CHARM_PINK,0.0,,10,deny,manual,3.39,,false,true,,,,,,https://cdn.shopify.com/s/files/1/1000/5066/5846/files/sky-blue-letter-i.png?v=1781533773,4,Raidės I pakabučiukas – Mėlyna,,,,https://cdn.shopify.com/s/files/1/1000/5066/5846/files/pink-letter-i.png?v=1781534144,kg,,,
letter-i-charm,,,,,,,,,Geltona,,,,,,,,LETTER_I_CHARM_YELLOW,0.0,,10,deny,manual,3.39,,false,true,,,,,,https://cdn.shopify.com/s/files/1/1000/5066/5846/files/pink-letter-i.png?v=1781534144,5,Raidės I pakabučiukas – Rožinė,,,,https://cdn.shopify.com/s/files/1/1000/5066/5846/files/yellow-letter-i.png?v=1781481736,kg,,,
letter-h-charm,Raidės H pakabučiukas,"<p>Raidės <strong>H</strong> formos magnetinis silikoninis pakabučiukas, skirtas Pawlette antkakliui. Puiki galimybė asmeniškai personalizuoti antkakį su augintinio vardo raidėmis. Lengvai prispaudžiamas ir nuimamas be jokių įrankių. Suderinamas su visais Pawlette antkaklio modeliais.</p>",paws,,charms,charms,true,Color,Mėlyna,,,,,,,,LETTER_H_CHARM_BLUE,0.0,,10,deny,manual,3.39,,false,true,,,,,,https://cdn.shopify.com/s/files/1/1000/5066/5846/files/purple-letter-h.png?v=1781481029,1,Raidės H pakabučiukas – Violetinė,false,,,https://cdn.shopify.com/s/files/1/1000/5066/5846/files/sky-blue-letter-h.png?v=1781533765,kg,,,active
letter-h-charm,,,,,,,,,Tamsiai mėlyna,,,,,,,,LETTER_H_CHARM_DARK_BLUE,0.0,,10,deny,manual,3.39,,false,true,,,,,,https://cdn.shopify.com/s/files/1/1000/5066/5846/files/dark-blue-letter-h.png?v=1781481346,2,Raidės H pakabučiukas – Tamsiai mėlyna,,,,https://cdn.shopify.com/s/files/1/1000/5066/5846/files/dark-blue-letter-h.png?v=1781481346,kg,,,
letter-h-charm,,,,,,,,,Violetinė,,,,,,,,LETTER_H_CHARM_PURPLE,0.0,,10,deny,manual,3.39,,false,true,,,,,,https://cdn.shopify.com/s/files/1/1000/5066/5846/files/yellow-letter-h.png?v=1781481728,3,Raidės H pakabučiukas – Geltona,,,,https://cdn.shopify.com/s/files/1/1000/5066/5846/files/purple-letter-h.png?v=1781481029,kg,,,
letter-h-charm,,,,,,,,,Rožinė,,,,,,,,LETTER_H_CHARM_PINK,0.0,,10,deny,manual,3.39,,false,true,,,,,,https://cdn.shopify.com/s/files/1/1000/5066/5846/files/sky-blue-letter-h.png?v=1781533765,4,Raidės H pakabučiukas – Mėlyna,,,,https://cdn.shopify.com/s/files/1/1000/5066/5846/files/pink-letter-h.png?v=1781534136,kg,,,
letter-h-charm,,,,,,,,,Geltona,,,,,,,,LETTER_H_CHARM_YELLOW,0.0,,10,deny,manual,3.39,,false,true,,,,,,https://cdn.shopify.com/s/files/1/1000/5066/5846/files/pink-letter-h.png?v=1781534136,5,Raidės H pakabučiukas – Rožinė,,,,https://cdn.shopify.com/s/files/1/1000/5066/5846/files/yellow-letter-h.png?v=1781481728,kg,,,
letter-g-charm,Raidės G pakabučiukas,"<p>Raidės <strong>G</strong> formos magnetinis silikoninis pakabučiukas, skirtas Pawlette antkakliui. Puiki galimybė asmeniškai personalizuoti antkakį su augintinio vardo raidėmis. Lengvai prispaudžiamas ir nuimamas be jokių įrankių. Suderinamas su visais Pawlette antkaklio modeliais.</p>",paws,,charms,charms,true,Color,Mėlyna,,,,,,,,LETTER_G_CHARM_BLUE,0.0,,10,deny,manual,3.39,,false,true,,,,,,https://cdn.shopify.com/s/files/1/1000/5066/5846/files/purple-letter-g.png?v=1781481020,1,Raidės G pakabučiukas – Violetinė,false,,,https://cdn.shopify.com/s/files/1/1000/5066/5846/files/sky-blue-letter-g.png?v=1781533754,kg,,,active
letter-g-charm,,,,,,,,,Tamsiai mėlyna,,,,,,,,LETTER_G_CHARM_DARK_BLUE,0.0,,10,deny,manual,3.39,,false,true,,,,,,https://cdn.shopify.com/s/files/1/1000/5066/5846/files/dark-blue-letter-g.png?v=1781481340,2,Raidės G pakabučiukas – Tamsiai mėlyna,,,,https://cdn.shopify.com/s/files/1/1000/5066/5846/files/dark-blue-letter-g.png?v=1781481340,kg,,,
letter-g-charm,,,,,,,,,Violetinė,,,,,,,,LETTER_G_CHARM_PURPLE,0.0,,10,deny,manual,3.39,,false,true,,,,,,https://cdn.shopify.com/s/files/1/1000/5066/5846/files/yellow-letter-g.png?v=1781481720,3,Raidės G pakabučiukas – Geltona,,,,https://cdn.shopify.com/s/files/1/1000/5066/5846/files/purple-letter-g.png?v=1781481020,kg,,,
letter-g-charm,,,,,,,,,Rožinė,,,,,,,,LETTER_G_CHARM_PINK,0.0,,10,deny,manual,3.39,,false,true,,,,,,https://cdn.shopify.com/s/files/1/1000/5066/5846/files/sky-blue-letter-g.png?v=1781533754,4,Raidės G pakabučiukas – Mėlyna,,,,https://cdn.shopify.com/s/files/1/1000/5066/5846/files/pink-letter-g.png?v=1781534126,kg,,,
letter-g-charm,,,,,,,,,Geltona,,,,,,,,LETTER_G_CHARM_YELLOW,0.0,,10,deny,manual,3.39,,false,true,,,,,,https://cdn.shopify.com/s/files/1/1000/5066/5846/files/pink-letter-g.png?v=1781534126,5,Raidės G pakabučiukas – Rožinė,,,,https://cdn.shopify.com/s/files/1/1000/5066/5846/files/yellow-letter-g.png?v=1781481720,kg,,,
letter-f-charm,Raidės F pakabučiukas,"<p>Raidės <strong>F</strong> formos magnetinis silikoninis pakabučiukas, skirtas Pawlette antkakliui. Puiki galimybė asmeniškai personalizuoti antkakį su augintinio vardo raidėmis. Lengvai prispaudžiamas ir nuimamas be jokių įrankių. Suderinamas su visais Pawlette antkaklio modeliais.</p>",paws,,charms,charms,true,Color,Mėlyna,,,,,,,,LETTER_F_CHARM_BLUE,0.0,,10,deny,manual,3.39,,false,true,,,,,,https://cdn.shopify.com/s/files/1/1000/5066/5846/files/purple-letter-f.png?v=1781481010,1,Raidės F pakabučiukas – Violetinė,false,,,https://cdn.shopify.com/s/files/1/1000/5066/5846/files/sky-blue-letter-f.png?v=1781533744,kg,,,active
letter-f-charm,,,,,,,,,Tamsiai mėlyna,,,,,,,,LETTER_F_CHARM_DARK_BLUE,0.0,,10,deny,manual,3.39,,false,true,,,,,,https://cdn.shopify.com/s/files/1/1000/5066/5846/files/dark-blue-letter-f.png?v=1781481333,2,Raidės F pakabučiukas – Tamsiai mėlyna,,,,https://cdn.shopify.com/s/files/1/1000/5066/5846/files/dark-blue-letter-f.png?v=1781481333,kg,,,
letter-f-charm,,,,,,,,,Violetinė,,,,,,,,LETTER_F_CHARM_PURPLE,0.0,,10,deny,manual,3.39,,false,true,,,,,,https://cdn.shopify.com/s/files/1/1000/5066/5846/files/yellow-letter-f.png?v=1781481711,3,Raidės F pakabučiukas – Geltona,,,,https://cdn.shopify.com/s/files/1/1000/5066/5846/files/purple-letter-f.png?v=1781481010,kg,,,
letter-f-charm,,,,,,,,,Rožinė,,,,,,,,LETTER_F_CHARM_PINK,0.0,,10,deny,manual,3.39,,false,true,,,,,,https://cdn.shopify.com/s/files/1/1000/5066/5846/files/sky-blue-letter-f.png?v=1781533744,4,Raidės F pakabučiukas – Mėlyna,,,,https://cdn.shopify.com/s/files/1/1000/5066/5846/files/pink-letter-f.png?v=1781534117,kg,,,
letter-f-charm,,,,,,,,,Geltona,,,,,,,,LETTER_F_CHARM_YELLOW,0.0,,10,deny,manual,3.39,,false,true,,,,,,https://cdn.shopify.com/s/files/1/1000/5066/5846/files/pink-letter-f.png?v=1781534117,5,Raidės F pakabučiukas – Rožinė,,,,https://cdn.shopify.com/s/files/1/1000/5066/5846/files/yellow-letter-f.png?v=1781481711,kg,,,
letter-e-charm,Raidės E pakabučiukas,"<p>Raidės <strong>E</strong> formos magnetinis silikoninis pakabučiukas, skirtas Pawlette antkakliui. Puiki galimybė asmeniškai personalizuoti antkakį su augintinio vardo raidėmis. Lengvai prispaudžiamas ir nuimamas be jokių įrankių. Suderinamas su visais Pawlette antkaklio modeliais.</p>",paws,,charms,charms,true,Color,Mėlyna,,,,,,,,LETTER_E_CHARM_BLUE,0.0,,10,deny,manual,3.39,,false,true,,,,,,https://cdn.shopify.com/s/files/1/1000/5066/5846/files/purple-letter-e.png?v=1781481001,1,Raidės E pakabučiukas – Violetinė,false,,,https://cdn.shopify.com/s/files/1/1000/5066/5846/files/sky-blue-letter-e.png?v=1781533734,kg,,,active
letter-e-charm,,,,,,,,,Tamsiai mėlyna,,,,,,,,LETTER_E_CHARM_DARK_BLUE,0.0,,10,deny,manual,3.39,,false,true,,,,,,https://cdn.shopify.com/s/files/1/1000/5066/5846/files/dark-blue-letter-e.png?v=1781481327,2,Raidės E pakabučiukas – Tamsiai mėlyna,,,,https://cdn.shopify.com/s/files/1/1000/5066/5846/files/dark-blue-letter-e.png?v=1781481327,kg,,,
letter-e-charm,,,,,,,,,Violetinė,,,,,,,,LETTER_E_CHARM_PURPLE,0.0,,10,deny,manual,3.39,,false,true,,,,,,https://cdn.shopify.com/s/files/1/1000/5066/5846/files/yellow-letter-e.png?v=1781481703,3,Raidės E pakabučiukas – Geltona,,,,https://cdn.shopify.com/s/files/1/1000/5066/5846/files/purple-letter-e.png?v=1781481001,kg,,,
letter-e-charm,,,,,,,,,Rožinė,,,,,,,,LETTER_E_CHARM_PINK,0.0,,10,deny,manual,3.39,,false,true,,,,,,https://cdn.shopify.com/s/files/1/1000/5066/5846/files/sky-blue-letter-e.png?v=1781533734,4,Raidės E pakabučiukas – Mėlyna,,,,https://cdn.shopify.com/s/files/1/1000/5066/5846/files/pink-letter-e.png?v=1781534107,kg,,,
letter-e-charm,,,,,,,,,Geltona,,,,,,,,LETTER_E_CHARM_YELLOW,0.0,,10,deny,manual,3.39,,false,true,,,,,,https://cdn.shopify.com/s/files/1/1000/5066/5846/files/pink-letter-e.png?v=1781534107,5,Raidės E pakabučiukas – Rožinė,,,,https://cdn.shopify.com/s/files/1/1000/5066/5846/files/yellow-letter-e.png?v=1781481703,kg,,,
letter-d-charm,Raidės D pakabučiukas,"<p>Raidės <strong>D</strong> formos magnetinis silikoninis pakabučiukas, skirtas Pawlette antkakliui. Puiki galimybė asmeniškai personalizuoti antkakį su augintinio vardo raidėmis. Lengvai prispaudžiamas ir nuimamas be jokių įrankių. Suderinamas su visais Pawlette antkaklio modeliais.</p>",paws,,charms,charms,true,Color,Mėlyna,,,,,,,,LETTER_D_CHARM_BLUE,0.0,,10,deny,manual,3.39,,false,true,,,,,,https://cdn.shopify.com/s/files/1/1000/5066/5846/files/purple-letter-d.png?v=1781480991,1,Raidės D pakabučiukas – Violetinė,false,,,https://cdn.shopify.com/s/files/1/1000/5066/5846/files/sky-blue-letter-d.png?v=1781533725,kg,,,active
letter-d-charm,,,,,,,,,Tamsiai mėlyna,,,,,,,,LETTER_D_CHARM_DARK_BLUE,0.0,,10,deny,manual,3.39,,false,true,,,,,,https://cdn.shopify.com/s/files/1/1000/5066/5846/files/dark-blue-letter-d.png?v=1781481321,2,Raidės D pakabučiukas – Tamsiai mėlyna,,,,https://cdn.shopify.com/s/files/1/1000/5066/5846/files/dark-blue-letter-d.png?v=1781481321,kg,,,
letter-d-charm,,,,,,,,,Violetinė,,,,,,,,LETTER_D_CHARM_PURPLE,0.0,,10,deny,manual,3.39,,false,true,,,,,,https://cdn.shopify.com/s/files/1/1000/5066/5846/files/yellow-letter-d.png?v=1781481695,3,Raidės D pakabučiukas – Geltona,,,,https://cdn.shopify.com/s/files/1/1000/5066/5846/files/purple-letter-d.png?v=1781480991,kg,,,
letter-d-charm,,,,,,,,,Rožinė,,,,,,,,LETTER_D_CHARM_PINK,0.0,,10,deny,manual,3.39,,false,true,,,,,,https://cdn.shopify.com/s/files/1/1000/5066/5846/files/sky-blue-letter-d.png?v=1781533725,4,Raidės D pakabučiukas – Mėlyna,,,,https://cdn.shopify.com/s/files/1/1000/5066/5846/files/pink-letter-d.png?v=1781534098,kg,,,
letter-d-charm,,,,,,,,,Geltona,,,,,,,,LETTER_D_CHARM_YELLOW,0.0,,10,deny,manual,3.39,,false,true,,,,,,https://cdn.shopify.com/s/files/1/1000/5066/5846/files/pink-letter-d.png?v=1781534098,5,Raidės D pakabučiukas – Rožinė,,,,https://cdn.shopify.com/s/files/1/1000/5066/5846/files/yellow-letter-d.png?v=1781481695,kg,,,
letter-c-charm,Raidės C pakabučiukas,"<p>Raidės <strong>C</strong> formos magnetinis silikoninis pakabučiukas, skirtas Pawlette antkakliui. Puiki galimybė asmeniškai personalizuoti antkakį su augintinio vardo raidėmis. Lengvai prispaudžiamas ir nuimamas be jokių įrankių. Suderinamas su visais Pawlette antkaklio modeliais.</p>",paws,,charms,charms,true,Color,Mėlyna,,,,,,,,LETTER_C_CHARM_BLUE,0.0,,10,deny,manual,3.39,,false,true,,,,,,https://cdn.shopify.com/s/files/1/1000/5066/5846/files/purple-letter-c.png?v=1781480982,1,Raidės C pakabučiukas – Violetinė,false,,,https://cdn.shopify.com/s/files/1/1000/5066/5846/files/sky-blue-letter-c.png?v=1781533715,kg,,,active
letter-c-charm,,,,,,,,,Tamsiai mėlyna,,,,,,,,LETTER_C_CHARM_DARK_BLUE,0.0,,10,deny,manual,3.39,,false,true,,,,,,https://cdn.shopify.com/s/files/1/1000/5066/5846/files/dark-blue-letter-c.png?v=1781481315,2,Raidės C pakabučiukas – Tamsiai mėlyna,,,,https://cdn.shopify.com/s/files/1/1000/5066/5846/files/dark-blue-letter-c.png?v=1781481315,kg,,,
letter-c-charm,,,,,,,,,Violetinė,,,,,,,,LETTER_C_CHARM_PURPLE,0.0,,10,deny,manual,3.39,,false,true,,,,,,https://cdn.shopify.com/s/files/1/1000/5066/5846/files/yellow-letter-c.png?v=1781481686,3,Raidės C pakabučiukas – Geltona,,,,https://cdn.shopify.com/s/files/1/1000/5066/5846/files/purple-letter-c.png?v=1781480982,kg,,,
letter-c-charm,,,,,,,,,Rožinė,,,,,,,,LETTER_C_CHARM_PINK,0.0,,10,deny,manual,3.39,,false,true,,,,,,https://cdn.shopify.com/s/files/1/1000/5066/5846/files/sky-blue-letter-c.png?v=1781533715,4,Raidės C pakabučiukas – Mėlyna,,,,https://cdn.shopify.com/s/files/1/1000/5066/5846/files/pink-letter-c.png?v=1781534090,kg,,,
letter-c-charm,,,,,,,,,Geltona,,,,,,,,LETTER_C_CHARM_YELLOW,0.0,,10,deny,manual,3.39,,false,true,,,,,,https://cdn.shopify.com/s/files/1/1000/5066/5846/files/pink-letter-c.png?v=1781534090,5,Raidės C pakabučiukas – Rožinė,,,,https://cdn.shopify.com/s/files/1/1000/5066/5846/files/yellow-letter-c.png?v=1781481686,kg,,,
letter-b-charm,Raidės B pakabučiukas,"<p>Raidės <strong>B</strong> formos magnetinis silikoninis pakabučiukas, skirtas Pawlette antkakliui. Puiki galimybė asmeniškai personalizuoti antkakį su augintinio vardo raidėmis. Lengvai prispaudžiamas ir nuimamas be jokių įrankių. Suderinamas su visais Pawlette antkaklio modeliais.</p>",paws,,charms,charms,true,Color,Mėlyna,,,,,,,,LETTER_B_CHARM_BLUE,0.0,,10,deny,manual,3.39,,false,true,,,,,,https://cdn.shopify.com/s/files/1/1000/5066/5846/files/purple-letter-b.png?v=1781480972,1,Raidės B pakabučiukas – Violetinė,false,,,https://cdn.shopify.com/s/files/1/1000/5066/5846/files/sky-blue-letter-b.png?v=1781533706,kg,,,active
letter-b-charm,,,,,,,,,Tamsiai mėlyna,,,,,,,,LETTER_B_CHARM_DARK_BLUE,0.0,,10,deny,manual,3.39,,false,true,,,,,,https://cdn.shopify.com/s/files/1/1000/5066/5846/files/dark-blue-letter-b.png?v=1781481309,2,Raidės B pakabučiukas – Tamsiai mėlyna,,,,https://cdn.shopify.com/s/files/1/1000/5066/5846/files/dark-blue-letter-b.png?v=1781481309,kg,,,
letter-b-charm,,,,,,,,,Violetinė,,,,,,,,LETTER_B_CHARM_PURPLE,0.0,,10,deny,manual,3.39,,false,true,,,,,,https://cdn.shopify.com/s/files/1/1000/5066/5846/files/yellow-letter-b.png?v=1781481679,3,Raidės B pakabučiukas – Geltona,,,,https://cdn.shopify.com/s/files/1/1000/5066/5846/files/purple-letter-b.png?v=1781480972,kg,,,
letter-b-charm,,,,,,,,,Rožinė,,,,,,,,LETTER_B_CHARM_PINK,0.0,,10,deny,manual,3.39,,false,true,,,,,,https://cdn.shopify.com/s/files/1/1000/5066/5846/files/sky-blue-letter-b.png?v=1781533706,4,Raidės B pakabučiukas – Mėlyna,,,,https://cdn.shopify.com/s/files/1/1000/5066/5846/files/pink-letter-b.png?v=1781534080,kg,,,
letter-b-charm,,,,,,,,,Geltona,,,,,,,,LETTER_B_CHARM_YELLOW,0.0,,10,deny,manual,3.39,,false,true,,,,,,https://cdn.shopify.com/s/files/1/1000/5066/5846/files/pink-letter-b.png?v=1781534080,5,Raidės B pakabučiukas – Rožinė,,,,https://cdn.shopify.com/s/files/1/1000/5066/5846/files/yellow-letter-b.png?v=1781481679,kg,,,
letter-a-charm,Raidės A pakabučiukas,"<p>Raidės <strong>A</strong> formos magnetinis silikoninis pakabučiukas, skirtas Pawlette antkakliui. Puiki galimybė asmeniškai personalizuoti antkakį su augintinio vardo raidėmis. Lengvai prispaudžiamas ir nuimamas be jokių įrankių. Suderinamas su visais Pawlette antkaklio modeliais.</p>",paws,,charms,charms,true,Color,Mėlyna,,,,,,,,LETTER_A_CHARM_BLUE,0.0,,10,deny,manual,3.39,,false,true,,,,,,https://cdn.shopify.com/s/files/1/1000/5066/5846/files/purple-letter-a.png?v=1781480962,1,Raidės A pakabučiukas – Violetinė,false,,,https://cdn.shopify.com/s/files/1/1000/5066/5846/files/sky-blue-letter-a.png?v=1781533698,kg,,,active
letter-a-charm,,,,,,,,,Tamsiai mėlyna,,,,,,,,LETTER_A_CHARM_DARK_BLUE,0.0,,10,deny,manual,3.39,,false,true,,,,,,https://cdn.shopify.com/s/files/1/1000/5066/5846/files/dark-blue-letter-a.png?v=1781481302,2,Raidės A pakabučiukas – Tamsiai mėlyna,,,,https://cdn.shopify.com/s/files/1/1000/5066/5846/files/dark-blue-letter-a.png?v=1781481302,kg,,,
letter-a-charm,,,,,,,,,Violetinė,,,,,,,,LETTER_A_CHARM_PURPLE,0.0,,10,deny,manual,3.39,,false,true,,,,,,https://cdn.shopify.com/s/files/1/1000/5066/5846/files/yellow-letter-a.png?v=1781481670,3,Raidės A pakabučiukas – Geltona,,,,https://cdn.shopify.com/s/files/1/1000/5066/5846/files/purple-letter-a.png?v=1781480962,kg,,,
letter-a-charm,,,,,,,,,Rožinė,,,,,,,,LETTER_A_CHARM_PINK,0.0,,10,deny,manual,3.39,,false,true,,,,,,https://cdn.shopify.com/s/files/1/1000/5066/5846/files/sky-blue-letter-a.png?v=1781533698,4,Raidės A pakabučiukas – Mėlyna,,,,https://cdn.shopify.com/s/files/1/1000/5066/5846/files/pink-letter-a.png?v=1781534071,kg,,,
letter-a-charm,,,,,,,,,Geltona,,,,,,,,LETTER_A_CHARM_YELLOW,0.0,,10,deny,manual,3.39,,false,true,,,,,,https://cdn.shopify.com/s/files/1/1000/5066/5846/files/pink-letter-a.png?v=1781534071,5,Raidės A pakabučiukas – Rožinė,,,,https://cdn.shopify.com/s/files/1/1000/5066/5846/files/yellow-letter-a.png?v=1781481670,kg,,,
charm-charms,Pawlette pakabučiai,"<p>Magnetiniai silikoniniai Pawlette pakabučiai – personalizuokite savo šuns antkakli su spalvingomis formomis ir raidėmis. Pasirinkite iš įvairių spalvų ir modelių: letenėlės, širdutės, žvaigždutės, drugeliai, raidės ir dar daugiau.</p><p>Pakabučiai lengvai prispaudžiami ir nuimami be jokių įrankių. Suderinami su visais Pawlette antkaklio modeliais.</p>",paws,Uncategorized,charm,"charm, magnetic, personalized, silicone",true,Style,Letenėlės pakabučiukas – Mėlyna,,,,,,,,,0.0,,41,deny,manual,3.99,,true,true,,,,,,https://cdn.shopify.com/s/files/1/1000/5066/5846/files/A_soft_sage_green_silicone_toy_with_a_sun-shaped_TAoMQ7Zb.webp?v=1781473713,1,,false,,,,kg,,,active
charm-charms,,,,,,,,,Letenėlės pakabučiukas – Rožinė,,,,,,,,,0.0,,41,deny,manual,3.99,,true,true,,,,,,,,,,,,,kg,,,
charm-charms,,,,,,,,,Letenėlės pakabučiukas – Žalia,,,,,,,,,0.0,,41,deny,manual,3.99,,true,true,,,,,,,,,,,,,kg,,,
charm-charms,,,,,,,,,Širdutės pakabučiukas – Rožinė,,,,,,,,,0.0,,41,deny,manual,3.99,,true,true,,,,,,,,,,,,,kg,,,
charm-charms,,,,,,,,,Širdutės pakabučiukas – Mėlyna,,,,,,,,,0.0,,41,deny,manual,3.99,,true,true,,,,,,,,,,,,,kg,,,
charm-charms,,,,,,,,,Žvaigždutės pakabučiukas – Geltona,,,,,,,,,0.0,,41,deny,manual,3.99,,true,true,,,,,,,,,,,,,kg,,,
charm-charms,,,,,,,,,Žvaigždutės pakabučiukas – Žalia,,,,,,,,,0.0,,41,deny,manual,3.99,,true,true,,,,,,,,,,,,,kg,,,
charm-charms,,,,,,,,,Kaspino pakabučiukas – Rožinė,,,,,,,,,0.0,,41,deny,manual,3.99,,true,true,,,,,,,,,,,,,kg,,,
charm-charms,,,,,,,,,Kaspino pakabučiukas – Mėlyna,,,,,,,,,0.0,,41,deny,manual,3.99,,true,true,,,,,,,,,,,,,kg,,,
charm-charms,,,,,,,,,Saulutės pakabučiukas – Geltona,,,,,,,,,0.0,,41,deny,manual,3.99,,true,true,,,,,,,,,,,,,kg,,,
charm-charms,,,,,,,,,Lapelio pakabučiukas – Žalia,,,,,,,,,0.0,,41,deny,manual,3.99,,true,true,,,,,,,,,,,,,kg,,,
charm-charms,,,,,,,,,Drugelio pakabučiukas – Violetinė,,,,,,,,,0.0,,41,deny,manual,3.99,,true,true,,,,,,,,,,,,,kg,,,
charm-charms,,,,,,,,,Grybuko pakabučiukas – Rožinė,,,,,,,,,0.0,,41,deny,manual,3.99,,true,true,,,,,,,,,,,,,kg,,,
charm-charms,,,,,,,,,Lašelio pakabučiukas – Mėlyna,,,,,,,,,0.0,,41,deny,manual,3.99,,true,true,,,,,,,,,,,,,kg,,,
charm-charms,,,,,,,,,Gėlytės pakabučiukas – Violetinė,,,,,,,,,0.0,,41,deny,manual,3.99,,true,true,,,,,,,,,,,,,kg,,,
charm-charms,,,,,,,,,Raidė A – Mėlyna,,,,,,,,,0.0,,41,deny,manual,3.99,,true,true,,,,,,,,,,,,,kg,,,
charm-charms,,,,,,,,,Raidė B – Rožinė,,,,,,,,,0.0,,41,deny,manual,3.99,,true,true,,,,,,,,,,,,,kg,,,
charm-charms,,,,,,,,,Raidė C – Mėlyna,,,,,,,,,0.0,,41,deny,manual,3.99,,true,true,,,,,,,,,,,,,kg,,,
charm-charms,,,,,,,,,Raidė D – Violetinė,,,,,,,,,0.0,,41,deny,manual,3.99,,true,true,,,,,,,,,,,,,kg,,,
charm-charms,,,,,,,,,Raidė E – Žalia,,,,,,,,,0.0,,41,deny,manual,3.99,,true,true,,,,,,,,,,,,,kg,,,
charm-charms,,,,,,,,,Raidė G – Violetinė,,,,,,,,,0.0,,41,deny,manual,3.99,,true,true,,,,,,,,,,,,,kg,,,
charm-charms,,,,,,,,,Raidė I – Rožinė,,,,,,,,,0.0,,41,deny,manual,3.99,,true,true,,,,,,,,,,,,,kg,,,
charm-charms,,,,,,,,,Raidė K – Žalia,,,,,,,,,0.0,,41,deny,manual,3.99,,true,true,,,,,,,,,,,,,kg,,,
charm-charms,,,,,,,,,Raidė L – Mėlyna,,,,,,,,,0.0,,41,deny,manual,3.99,,true,true,,,,,,,,,,,,,kg,,,
charm-charms,,,,,,,,,Raidė M – Žalia,,,,,,,,,0.0,,41,deny,manual,3.99,,true,true,,,,,,,,,,,,,kg,,,
charm-charms,,,,,,,,,Raidė N – Geltona,,,,,,,,,0.0,,41,deny,manual,3.99,,true,true,,,,,,,,,,,,,kg,,,
charm-charms,,,,,,,,,Raidė O – Violetinė,,,,,,,,,0.0,,41,deny,manual,3.99,,true,true,,,,,,,,,,,,,kg,,,
charm-charms,,,,,,,,,Raidė R – Rožinė,,,,,,,,,0.0,,41,deny,manual,3.99,,true,true,,,,,,,,,,,,,kg,,,
charm-charms,,,,,,,,,Raidė S – Geltona,,,,,,,,,0.0,,41,deny,manual,3.99,,true,true,,,,,,,,,,,,,kg,,,
charm-charms,,,,,,,,,Raidė T – Mėlyna,,,,,,,,,0.0,,41,deny,manual,3.99,,true,true,,,,,,,,,,,,,kg,,,
charm-charms,,,,,,,,,Raidė U – Rožinė,,,,,,,,,0.0,,41,deny,manual,3.99,,true,true,,,,,,,,,,,,,kg,,,
charm-charms,,,,,,,,,Raidė V – Žalia,,,,,,,,,0.0,,41,deny,manual,3.99,,true,true,,,,,,,,,,,,,kg,,,
charm-charms,,,,,,,,,Raidė Z – Mėlyna,,,,,,,,,0.0,,41,deny,manual,3.99,,true,true,,,,,,,,,,,,,kg,,,
pawlette-leash,Pawlette pavadėlis,"<p>Tinkantis BioThane pavadėlis. Sulyginkite su Pawlette antkakiu ir pridėkite pakabučių, kad sukurtumėte pilną personalizuotą išvaizdą.</p><p>Pagamintas iš aukštos kokybės BioThane medžiagos – atsparus vandeniui, lengvai valomas ir itin patvarus. Tinka visoms veislėms ir aktyviam gyvenimo būdui.</p>",paws,Uncategorized,leash,"biothane, leash",true,Size,S — iki 10 kg,,Color,Rožinė,,,,,,0.0,,3,deny,manual,32.99,,true,true,,,,,,https://cdn.shopify.com/s/files/1/1000/5066/5846/files/Dog_Collar_Flat_Lay_A_light_blue_dog_leash_a_paw_print_charm_and_0xlQx8vD.png?v=1781473820,1,,false,,,https://cdn.shopify.com/s/files/1/1000/5066/5846/files/005_A_pale_pink_double-ended_dog_leash_with_two_u4GgxWml.png?v=1781475170,kg,,,active
pawlette-leash,,,,,,,,,S — iki 10 kg,,,Violetinė,,,,,,0.0,,0,deny,manual,32.99,,true,true,,,,,,https://cdn.shopify.com/s/files/1/1000/5066/5846/files/005_A_pale_pink_double-ended_dog_leash_with_two_u4GgxWml.png?v=1781475170,2,,,,,https://cdn.shopify.com/s/files/1/1000/5066/5846/files/001_A_lavender_leash_with_two_silver_clasps_is_95t21K3x.png?v=1781475170,kg,,,
pawlette-leash,,,,,,,,,S — iki 10 kg,,,Tamsiai mėlyna,,,,,,0.0,,0,deny,manual,32.99,,true,true,,,,,,https://cdn.shopify.com/s/files/1/1000/5066/5846/files/001_A_lavender_leash_with_two_silver_clasps_is_95t21K3x.png?v=1781475170,3,,,,,https://cdn.shopify.com/s/files/1/1000/5066/5846/files/003_A_dark_blue_dual-dog_leash_with_silver_clasps_is_940X8bCK.png?v=1781475170,kg,,,
pawlette-leash,,,,,,,,,S — iki 10 kg,,,Mėlyna,,,,,,0.0,,0,deny,manual,32.99,,true,true,,,,,,https://cdn.shopify.com/s/files/1/1000/5066/5846/files/003_A_dark_blue_dual-dog_leash_with_silver_clasps_is_940X8bCK.png?v=1781475170,4,,,,,https://cdn.shopify.com/s/files/1/1000/5066/5846/files/002_A_light_blue_leash_with_silver_clasps_is_WH3fY_YX.png?v=1781475170,kg,,,
pawlette-leash,,,,,,,,,S — iki 10 kg,,,Geltona,,,,,,0.0,,0,deny,manual,32.99,,true,true,,,,,,https://cdn.shopify.com/s/files/1/1000/5066/5846/files/002_A_light_blue_leash_with_silver_clasps_is_WH3fY_YX.png?v=1781475170,5,,,,,https://cdn.shopify.com/s/files/1/1000/5066/5846/files/004_A_bright_yellow_leash_with_two_silver_clasps_and_Goe0k3MH.png?v=1781475169,kg,,,
pawlette-leash,,,,,,,,,M — 10–25 kg,,,Rožinė,,,,,,0.0,,2,deny,manual,32.99,,true,true,,,,,,https://cdn.shopify.com/s/files/1/1000/5066/5846/files/004_A_bright_yellow_leash_with_two_silver_clasps_and_Goe0k3MH.png?v=1781475169,6,,,,,https://cdn.shopify.com/s/files/1/1000/5066/5846/files/005_A_pale_pink_double-ended_dog_leash_with_two_u4GgxWml.png?v=1781475170,kg,,,
pawlette-leash,,,,,,,,,M — 10–25 kg,,,Violetinė,,,,,,0.0,,0,deny,manual,32.99,,true,true,,,,,,,,,,,,https://cdn.shopify.com/s/files/1/1000/5066/5846/files/001_A_lavender_leash_with_two_silver_clasps_is_95t21K3x.png?v=1781475170,kg,,,
pawlette-leash,,,,,,,,,M — 10–25 kg,,,Tamsiai mėlyna,,,,,,0.0,,0,deny,manual,32.99,,true,true,,,,,,,,,,,,https://cdn.shopify.com/s/files/1/1000/5066/5846/files/003_A_dark_blue_dual-dog_leash_with_silver_clasps_is_940X8bCK.png?v=1781475170,kg,,,
pawlette-leash,,,,,,,,,M — 10–25 kg,,,Mėlyna,,,,,,0.0,,0,deny,manual,32.99,,true,true,,,,,,,,,,,,https://cdn.shopify.com/s/files/1/1000/5066/5846/files/002_A_light_blue_leash_with_silver_clasps_is_WH3fY_YX.png?v=1781475170,kg,,,
pawlette-leash,,,,,,,,,M — 10–25 kg,,,Geltona,,,,,,0.0,,0,deny,manual,32.99,,true,true,,,,,,,,,,,,https://cdn.shopify.com/s/files/1/1000/5066/5846/files/004_A_bright_yellow_leash_with_two_silver_clasps_and_Goe0k3MH.png?v=1781475169,kg,,,
pawlette-leash,,,,,,,,,L — 25 kg+,,,Rožinė,,,,,,0.0,,1,deny,manual,32.99,,true,true,,,,,,,,,,,,https://cdn.shopify.com/s/files/1/1000/5066/5846/files/005_A_pale_pink_double-ended_dog_leash_with_two_u4GgxWml.png?v=1781475170,kg,,,
pawlette-leash,,,,,,,,,L — 25 kg+,,,Violetinė,,,,,,0.0,,0,deny,manual,32.99,,true,true,,,,,,,,,,,,https://cdn.shopify.com/s/files/1/1000/5066/5846/files/001_A_lavender_leash_with_two_silver_clasps_is_95t21K3x.png?v=1781475170,kg,,,
pawlette-leash,,,,,,,,,L — 25 kg+,,,Tamsiai mėlyna,,,,,,0.0,,0,deny,manual,32.99,,true,true,,,,,,,,,,,,https://cdn.shopify.com/s/files/1/1000/5066/5846/files/003_A_dark_blue_dual-dog_leash_with_silver_clasps_is_940X8bCK.png?v=1781475170,kg,,,
pawlette-leash,,,,,,,,,L — 25 kg+,,,Mėlyna,,,,,,0.0,,0,deny,manual,32.99,,true,true,,,,,,,,,,,,https://cdn.shopify.com/s/files/1/1000/5066/5846/files/002_A_light_blue_leash_with_silver_clasps_is_WH3fY_YX.png?v=1781475170,kg,,,
pawlette-leash,,,,,,,,,L — 25 kg+,,,Geltona,,,,,,0.0,,0,deny,manual,32.99,,true,true,,,,,,,,,,,,https://cdn.shopify.com/s/files/1/1000/5066/5846/files/004_A_bright_yellow_leash_with_two_silver_clasps_and_Goe0k3MH.png?v=1781475169,kg,,,
pawlette-collar,Pawlette antkaklis,"<p>Aukščiausios kokybės BioThane šuns antkaklis su magnetiniais pakabučių lizdais. Atsparus vandeniui, patvarus ir visiškai pritaikomas su Pawlette pakabučiais.</p><p>Magnetiniai lizdai leidžia greitai ir lengvai pridėti arba pakeisti pakabučius – be jokių įrankių. Sukurkite unikalų antkakį su augintinio vardo raidėmis ir mėgstamomis formomis. Tinka visiems šunims – nuo mažiausių iki didžiausių.</p>",paws,Uncategorized,collar,"biothane, collar, customizable",true,Color,Tamsiai mėlyna,,Size,S — 28–36 cm,,,,,,0.0,,4,deny,manual,24.99,,true,true,,,,,,https://cdn.shopify.com/s/files/1/1000/5066/5846/files/A_sage_green_pet_collar_displays_the_name_HARRY_2CvCRWm.webp?v=1781473877,1,,false,,,https://cdn.shopify.com/s/files/1/1000/5066/5846/files/008_A_dark_blue_collar_with_a_silver_buckle_and_AsbAkjQv.png?v=1781475169,kg,,,active
pawlette-collar,,,,,,,,,Tamsiai mėlyna,,,M — 36–44 cm,,,,,,0.0,,4,deny,manual,24.99,,true,true,,,,,,https://cdn.shopify.com/s/files/1/1000/5066/5846/files/008_A_dark_blue_collar_with_a_silver_buckle_and_AsbAkjQv.png?v=1781475169,2,,,,,https://cdn.shopify.com/s/files/1/1000/5066/5846/files/008_A_dark_blue_collar_with_a_silver_buckle_and_AsbAkjQv.png?v=1781475169,kg,,,
pawlette-collar,,,,,,,,,Tamsiai mėlyna,,,L — 44–52 cm,,,,,,0.0,,4,deny,manual,24.99,,true,true,,,,,,https://cdn.shopify.com/s/files/1/1000/5066/5846/files/007_A_light_blue_dog_collar_with_silver_hardware_is_iMp5y_pO.png?v=1781475170,3,,,,,https://cdn.shopify.com/s/files/1/1000/5066/5846/files/008_A_dark_blue_collar_with_a_silver_buckle_and_AsbAkjQv.png?v=1781475169,kg,,,
pawlette-collar,,,,,,,,,Mėlyna,,,S — 28–36 cm,,,,,,0.0,,4,deny,manual,24.99,,true,true,,,,,,https://cdn.shopify.com/s/files/1/1000/5066/5846/files/009_A_simple_yellow_dog_collar_with_a_silver_buckle_by7tw3uG.png?v=1781475169,4,,,,,https://cdn.shopify.com/s/files/1/1000/5066/5846/files/007_A_light_blue_dog_collar_with_silver_hardware_is_iMp5y_pO.png?v=1781475170,kg,,,
pawlette-collar,,,,,,,,,Mėlyna,,,M — 36–44 cm,,,,,,0.0,,4,deny,manual,24.99,,true,true,,,,,,https://cdn.shopify.com/s/files/1/1000/5066/5846/files/010_A_pale_pink_dog_collar_with_silver_hardware_is_OYT6xyv6.png?v=1781475169,5,,,,,https://cdn.shopify.com/s/files/1/1000/5066/5846/files/007_A_light_blue_dog_collar_with_silver_hardware_is_iMp5y_pO.png?v=1781475170,kg,,,
pawlette-collar,,,,,,,,,Mėlyna,,,L — 44–52 cm,,,,,,0.0,,4,deny,manual,24.99,,true,true,,,,,,https://cdn.shopify.com/s/files/1/1000/5066/5846/files/006_A_light_purple_dog_collar_with_a_silver_buckle_P1pF4Fdy.png?v=1781475169,6,,,,,https://cdn.shopify.com/s/files/1/1000/5066/5846/files/007_A_light_blue_dog_collar_with_silver_hardware_is_iMp5y_pO.png?v=1781475170,kg,,,
pawlette-collar,,,,,,,,,Geltona,,,S — 28–36 cm,,,,,,0.0,,4,deny,manual,24.99,,true,true,,,,,,,,,,,,https://cdn.shopify.com/s/files/1/1000/5066/5846/files/009_A_simple_yellow_dog_collar_with_a_silver_buckle_by7tw3uG.png?v=1781475169,kg,,,
pawlette-collar,,,,,,,,,Geltona,,,M — 36–44 cm,,,,,,0.0,,4,deny,manual,24.99,,true,true,,,,,,,,,,,,https://cdn.shopify.com/s/files/1/1000/5066/5846/files/009_A_simple_yellow_dog_collar_with_a_silver_buckle_by7tw3uG.png?v=1781475169,kg,,,
pawlette-collar,,,,,,,,,Geltona,,,L — 44–52 cm,,,,,,0.0,,4,deny,manual,24.99,,true,true,,,,,,,,,,,,https://cdn.shopify.com/s/files/1/1000/5066/5846/files/009_A_simple_yellow_dog_collar_with_a_silver_buckle_by7tw3uG.png?v=1781475169,kg,,,
pawlette-collar,,,,,,,,,Rožinė,,,S — 28–36 cm,,,,,,0.0,,4,deny,manual,24.99,,true,true,,,,,,,,,,,,https://cdn.shopify.com/s/files/1/1000/5066/5846/files/010_A_pale_pink_dog_collar_with_silver_hardware_is_OYT6xyv6.png?v=1781475169,kg,,,
pawlette-collar,,,,,,,,,Rožinė,,,M — 36–44 cm,,,,,,0.0,,4,deny,manual,24.99,,true,true,,,,,,,,,,,,https://cdn.shopify.com/s/files/1/1000/5066/5846/files/010_A_pale_pink_dog_collar_with_silver_hardware_is_OYT6xyv6.png?v=1781475169,kg,,,
pawlette-collar,,,,,,,,,Rožinė,,,L — 44–52 cm,,,,,,0.0,,4,deny,manual,24.99,,true,true,,,,,,,,,,,,https://cdn.shopify.com/s/files/1/1000/5066/5846/files/010_A_pale_pink_dog_collar_with_silver_hardware_is_OYT6xyv6.png?v=1781475169,kg,,,
pawlette-collar,,,,,,,,,Violetinė,,,S — 28–36 cm,,,,,,0.0,,0,deny,manual,24.99,,true,true,,,,,,,,,,,,https://cdn.shopify.com/s/files/1/1000/5066/5846/files/006_A_light_purple_dog_collar_with_a_silver_buckle_P1pF4Fdy.png?v=1781475169,kg,,,
pawlette-collar,,,,,,,,,Violetinė,,,M — 36–44 cm,,,,,,0.0,,0,deny,manual,24.99,,true,true,,,,,,,,,,,,https://cdn.shopify.com/s/files/1/1000/5066/5846/files/006_A_light_purple_dog_collar_with_a_silver_buckle_P1pF4Fdy.png?v=1781475169,kg,,,
pawlette-collar,,,,,,,,,Violetinė,,,L — 44–52 cm,,,,,,0.0,,0,deny,manual,24.99,,true,true,,,,,,,,,,,,https://cdn.shopify.com/s/files/1/1000/5066/5846/files/006_A_light_purple_dog_collar_with_a_silver_buckle_P1pF4Fdy.png?v=1781475169,kg,,,
